,country,year,life_stage,deaths
0,Afghanistan,1990,Year 1-4,34577.0
26,Afghanistan,2016,Year 1-4,19112.0
30,Albania,1990,Year 1-4,440.0
56,Albania,2016,Year 1-4,37.0
60,Algeria,1990,Year 1-4,6450.0
86,Algeria,2016,Year 1-4,3406.0
90,Andorra,1990,Year 1-4,2.0
116,Andorra,2016,Year 1-4,0.0
120,Angola,1990,Year 1-4,49495.0
146,Angola,2016,Year 1-4,32348.0
150,Antigua and Barbuda,1990,Year 1-4,3.0
176,Antigua and Barbuda,2016,Year 1-4,2.0
180,Argentina,1990,Year 1-4,2348.0
206,Argentina,2016,Year 1-4,897.0
210,Armenia,1990,Year 1-4,571.0
236,Armenia,2016,Year 1-4,63.0
240,Australia,1990,Year 1-4,396.0
266,Australia,2016,Year 1-4,184.0
270,Austria,1990,Year 1-4,130.0
296,Austria,2016,Year 1-4,53.0
300,Azerbaijan,1990,Year 1-4,3912.0
326,Azerbaijan,2016,Year 1-4,477.0
330,Bahamas,1990,Year 1-4,21.0
356,Bahamas,2016,Year 1-4,10.0
360,Bahrain,1990,Year 1-4,49.0
386,Bahrain,2016,Year 1-4,23.0
390,Bangladesh,1990,Year 1-4,161178.0
416,Bangladesh,2016,Year 1-4,19695.0
420,Barbados,1990,Year 1-4,8.0
446,Barbados,2016,Year 1-4,3.0
450,Belarus,1990,Year 1-4,487.0
476,Belarus,2016,Year 1-4,106.0
480,Belgium,1990,Year 1-4,197.0
506,Belgium,2016,Year 1-4,96.0
510,Belize,1990,Year 1-4,46.0
536,Belize,2016,Year 1-4,16.0
540,Benin,1990,Year 1-4,14455.0
566,Benin,2016,Year 1-4,12772.0
570,Bhutan,1990,Year 1-4,749.0
596,Bhutan,2016,Year 1-4,71.0
600,Bolivia,1990,Year 1-4,8804.0
626,Bolivia,2016,Year 1-4,1399.0
630,Bosnia and Herzegovina,1990,Year 1-4,147.0
656,Bosnia and Herzegovina,2016,Year 1-4,27.0
660,Botswana,1990,Year 1-4,488.0
686,Botswana,2016,Year 1-4,552.0
690,Brazil,1990,Year 1-4,39846.0
716,Brazil,2016,Year 1-4,5300.0
720,Brunei,1990,Year 1-4,22.0
746,Brunei,2016,Year 1-4,13.0
750,Bulgaria,1990,Year 1-4,439.0
776,Bulgaria,2016,Year 1-4,87.0
780,Burkina Faso,1990,Year 1-4,39069.0
806,Burkina Faso,2016,Year 1-4,27066.0
810,Burundi,1990,Year 1-4,17281.0
836,Burundi,2016,Year 1-4,7971.0
840,Cambodia,1990,Year 1-4,12113.0
866,Cambodia,2016,Year 1-4,1558.0
870,Cameroon,1990,Year 1-4,25370.0
896,Cameroon,2016,Year 1-4,24163.0
900,Canada,1990,Year 1-4,539.0
926,Canada,2016,Year 1-4,258.0
930,Cape Verde,1990,Year 1-4,186.0
956,Cape Verde,2016,Year 1-4,28.0
960,Central African Republic,1990,Year 1-4,6868.0
986,Central African Republic,2016,Year 1-4,5379.0
990,Chad,1990,Year 1-4,27474.0
1016,Chad,2016,Year 1-4,30011.0
1020,Chile,1990,Year 1-4,845.0
1046,Chile,2016,Year 1-4,274.0
1050,China,1990,Year 1-4,292544.0
1076,China,2016,Year 1-4,40628.0
1080,Colombia,1990,Year 1-4,5555.0
1106,Colombia,2016,Year 1-4,1562.0
1110,Comoros,1990,Year 1-4,618.0
1136,Comoros,2016,Year 1-4,433.0
1140,Congo,1990,Year 1-4,2667.0
1166,Congo,2016,Year 1-4,2331.0
1170,Cook Islands,1990,Year 1-4,2.0
1196,Cook Islands,2016,Year 1-4,0.0
1200,Costa Rica,1990,Year 1-4,245.0
1226,Costa Rica,2016,Year 1-4,91.0
1230,Cote d'Ivoire,1990,Year 1-4,23150.0
1256,Cote d'Ivoire,2016,Year 1-4,19475.0
1260,Croatia,1990,Year 1-4,101.0
1286,Croatia,2016,Year 1-4,29.0
1290,Cuba,1990,Year 1-4,494.0
1316,Cuba,2016,Year 1-4,139.0
1320,Cyprus,1990,Year 1-4,17.0
1346,Cyprus,2016,Year 1-4,6.0
1350,Czechia,1990,Year 1-4,237.0
1376,Czechia,2016,Year 1-4,71.0
1380,Democratic Republic of Congo,1990,Year 1-4,97055.0
1406,Democratic Republic of Congo,2016,Year 1-4,67568.0
1410,Denmark,1990,Year 1-4,90.0
1436,Denmark,2016,Year 1-4,34.0
1440,Djibouti,1990,Year 1-4,524.0
1466,Djibouti,2016,Year 1-4,225.0
1470,Dominica,1990,Year 1-4,6.0
1496,Dominica,2016,Year 1-4,3.0
1500,Dominican Republic,1990,Year 1-4,2788.0
1526,Dominican Republic,2016,Year 1-4,1296.0
1530,Ecuador,1990,Year 1-4,3491.0
1556,Ecuador,2016,Year 1-4,679.0
1560,Egypt,1990,Year 1-4,42456.0
1586,Egypt,2016,Year 1-4,8385.0
1590,El Salvador,1990,Year 1-4,2244.0
1616,El Salvador,2016,Year 1-4,247.0
1620,Equatorial Guinea,1990,Year 1-4,916.0
1646,Equatorial Guinea,2016,Year 1-4,937.0
1650,Eritrea,1990,Year 1-4,5412.0
1676,Eritrea,2016,Year 1-4,1292.0
1680,Estonia,1990,Year 1-4,87.0
1706,Estonia,2016,Year 1-4,9.0
1710,Eswatini,1990,Year 1-4,503.0
1736,Eswatini,2016,Year 1-4,400.0
1740,Ethiopia,1990,Year 1-4,170380.0
1766,Ethiopia,2016,Year 1-4,58031.0
1770,Fiji,1990,Year 1-4,103.0
1796,Fiji,2016,Year 1-4,74.0
1800,Finland,1990,Year 1-4,75.0
1826,Finland,2016,Year 1-4,26.0
1830,France,1990,Year 1-4,1161.0
1856,France,2016,Year 1-4,753.0
1860,Gabon,1990,Year 1-4,1075.0
1886,Gabon,2016,Year 1-4,772.0
1890,Gambia,1990,Year 1-4,3332.0
1916,Gambia,2016,Year 1-4,1487.0
1920,Georgia,1990,Year 1-4,668.0
1946,Georgia,2016,Year 1-4,64.0
1950,Germany,1990,Year 1-4,1313.0
1976,Germany,2016,Year 1-4,434.0
1980,Ghana,1990,Year 1-4,26404.0
2006,Ghana,2016,Year 1-4,12346.0
2010,Greece,1990,Year 1-4,152.0
2036,Greece,2016,Year 1-4,50.0
2040,Grenada,1990,Year 1-4,14.0
2066,Grenada,2016,Year 1-4,4.0
2070,Guatemala,1990,Year 1-4,7176.0
2096,Guatemala,2016,Year 1-4,1798.0
2100,Guinea,1990,Year 1-4,26618.0
2126,Guinea,2016,Year 1-4,15711.0
2130,Guinea-Bissau,1990,Year 1-4,3972.0
2156,Guinea-Bissau,2016,Year 1-4,1896.0
2160,Guyana,1990,Year 1-4,304.0
2186,Guyana,2016,Year 1-4,87.0
2190,Haiti,1990,Year 1-4,11613.0
2216,Haiti,2016,Year 1-4,4477.0
2220,Honduras,1990,Year 1-4,2363.0
2246,Honduras,2016,Year 1-4,546.0
2250,Hungary,1990,Year 1-4,254.0
2276,Hungary,2016,Year 1-4,70.0
2280,Iceland,1990,Year 1-4,5.0
2306,Iceland,2016,Year 1-4,2.0
2310,India,1990,Year 1-4,1018504.0
2336,India,2016,Year 1-4,194426.0
2340,Indonesia,1990,Year 1-4,105797.0
2366,Indonesia,2016,Year 1-4,21034.0
2370,Iran,1990,Year 1-4,25002.0
2396,Iran,2016,Year 1-4,2977.0
2400,Iraq,1990,Year 1-4,7325.0
2426,Iraq,2016,Year 1-4,5024.0
2430,Ireland,1990,Year 1-4,89.0
2456,Ireland,2016,Year 1-4,35.0
2460,Israel,1990,Year 1-4,184.0
2486,Israel,2016,Year 1-4,121.0
2490,Italy,1990,Year 1-4,741.0
2516,Italy,2016,Year 1-4,266.0
2520,Jamaica,1990,Year 1-4,319.0
2546,Jamaica,2016,Year 1-4,102.0
2550,Japan,1990,Year 1-4,2398.0
2576,Japan,2016,Year 1-4,766.0
2580,Jordan,1990,Year 1-4,751.0
2606,Jordan,2016,Year 1-4,521.0
2610,Kazakhstan,1990,Year 1-4,3141.0
2636,Kazakhstan,2016,Year 1-4,466.0
2640,Kenya,1990,Year 1-4,35671.0
2666,Kenya,2016,Year 1-4,18851.0
2670,Kiribati,1990,Year 1-4,62.0
2696,Kiribati,2016,Year 1-4,39.0
2700,Kuwait,1990,Year 1-4,119.0
2726,Kuwait,2016,Year 1-4,76.0
2730,Kyrgyzstan,1990,Year 1-4,1500.0
2756,Kyrgyzstan,2016,Year 1-4,365.0
2760,Laos,1990,Year 1-4,8070.0
2786,Laos,2016,Year 1-4,1822.0
2790,Latvia,1990,Year 1-4,153.0
2816,Latvia,2016,Year 1-4,15.0
2820,Lebanon,1990,Year 1-4,415.0
2846,Lebanon,2016,Year 1-4,118.0
2850,Lesotho,1990,Year 1-4,986.0
2876,Lesotho,2016,Year 1-4,1069.0
2880,Liberia,1990,Year 1-4,8713.0
2906,Liberia,2016,Year 1-4,3423.0
2910,Libya,1990,Year 1-4,815.0
2936,Libya,2016,Year 1-4,247.0
2940,Lithuania,1990,Year 1-4,180.0
2966,Lithuania,2016,Year 1-4,28.0
2970,Luxembourg,1990,Year 1-4,6.0
2996,Luxembourg,2016,Year 1-4,3.0
3000,Madagascar,1990,Year 1-4,28514.0
3026,Madagascar,2016,Year 1-4,13216.0
3030,Malawi,1990,Year 1-4,41453.0
3056,Malawi,2016,Year 1-4,8779.0
3060,Malaysia,1990,Year 1-4,1128.0
3086,Malaysia,2016,Year 1-4,593.0
3090,Maldives,1990,Year 1-4,209.0
3116,Maldives,2016,Year 1-4,10.0
3120,Mali,1990,Year 1-4,43071.0
3146,Mali,2016,Year 1-4,28684.0
3150,Malta,1990,Year 1-4,7.0
3176,Malta,2016,Year 1-4,4.0
3180,Marshall Islands,1990,Year 1-4,19.0
3206,Marshall Islands,2016,Year 1-4,9.0
3210,Mauritania,1990,Year 1-4,3563.0
3236,Mauritania,2016,Year 1-4,3584.0
3240,Mauritius,1990,Year 1-4,63.0
3266,Mauritius,2016,Year 1-4,23.0
3270,Mexico,1990,Year 1-4,21889.0
3296,Mexico,2016,Year 1-4,4990.0
3300,Micronesia (country),1990,Year 1-4,33.0
3326,Micronesia (country),2016,Year 1-4,11.0
3330,Moldova,1990,Year 1-4,523.0
3356,Moldova,2016,Year 1-4,96.0
3360,Monaco,1990,Year 1-4,1.0
3386,Monaco,2016,Year 1-4,1.0
3390,Mongolia,1990,Year 1-4,2230.0
3416,Mongolia,2016,Year 1-4,197.0
3420,Montenegro,1990,Year 1-4,16.0
3446,Montenegro,2016,Year 1-4,5.0
3450,Morocco,1990,Year 1-4,12770.0
3476,Morocco,2016,Year 1-4,2227.0
3480,Mozambique,1990,Year 1-4,47120.0
3506,Mozambique,2016,Year 1-4,21073.0
3510,Myanmar,1990,Year 1-4,39410.0
3536,Myanmar,2016,Year 1-4,10174.0
3540,Namibia,1990,Year 1-4,1201.0
3566,Namibia,2016,Year 1-4,913.0
3570,Nauru,1990,Year 1-4,4.0
3596,Nauru,2016,Year 1-4,2.0
3600,Nepal,1990,Year 1-4,29269.0
3626,Nepal,2016,Year 1-4,3424.0
3630,Netherlands,1990,Year 1-4,284.0
3656,Netherlands,2016,Year 1-4,105.0
3660,New Zealand,1990,Year 1-4,109.0
3686,New Zealand,2016,Year 1-4,56.0
3690,Nicaragua,1990,Year 1-4,2404.0
3716,Nicaragua,2016,Year 1-4,365.0
3720,Niger,1990,Year 1-4,80200.0
3746,Niger,2016,Year 1-4,35488.0
3750,Nigeria,1990,Year 1-4,339857.0
3776,Nigeria,2016,Year 1-4,319857.0
3780,Niue,1990,Year 1-4,1.0
3806,Niue,2016,Year 1-4,0.0
3810,North Korea,1990,Year 1-4,4077.0
3836,North Korea,2016,Year 1-4,1694.0
3840,North Macedonia,1990,Year 1-4,134.0
3866,North Macedonia,2016,Year 1-4,30.0
3870,Norway,1990,Year 1-4,90.0
3896,Norway,2016,Year 1-4,29.0
3900,Oman,1990,Year 1-4,513.0
3926,Oman,2016,Year 1-4,126.0
3930,Pakistan,1990,Year 1-4,135146.0
3956,Pakistan,2016,Year 1-4,74961.0
3960,Palau,1990,Year 1-4,2.0
3986,Palau,2016,Year 1-4,1.0
3990,Palestine,1990,Year 1-4,770.0
4016,Palestine,2016,Year 1-4,375.0
4020,Panama,1990,Year 1-4,338.0
4046,Panama,2016,Year 1-4,180.0
4050,Papua New Guinea,1990,Year 1-4,3461.0
4076,Papua New Guinea,2016,Year 1-4,2322.0
4080,Paraguay,1990,Year 1-4,1250.0
4106,Paraguay,2016,Year 1-4,450.0
4110,Peru,1990,Year 1-4,15738.0
4136,Peru,2016,Year 1-4,1935.0
4140,Philippines,1990,Year 1-4,32497.0
4166,Philippines,2016,Year 1-4,14220.0
4170,Poland,1990,Year 1-4,1367.0
4196,Poland,2016,Year 1-4,255.0
4200,Portugal,1990,Year 1-4,387.0
4226,Portugal,2016,Year 1-4,59.0
4230,Qatar,1990,Year 1-4,32.0
4256,Qatar,2016,Year 1-4,25.0
4260,Romania,1990,Year 1-4,2466.0
4286,Romania,2016,Year 1-4,286.0
4290,Russia,1990,Year 1-4,9960.0
4316,Russia,2016,Year 1-4,2759.0
4320,Rwanda,1990,Year 1-4,19060.0
4346,Rwanda,2016,Year 1-4,4412.0
4350,Saint Kitts and Nevis,1990,Year 1-4,4.0
4376,Saint Kitts and Nevis,2016,Year 1-4,2.0
4380,Saint Lucia,1990,Year 1-4,16.0
4406,Saint Lucia,2016,Year 1-4,6.0
4410,Saint Vincent and the Grenadines,1990,Year 1-4,12.0
4436,Saint Vincent and the Grenadines,2016,Year 1-4,2.0
4440,Samoa,1990,Year 1-4,28.0
4466,Samoa,2016,Year 1-4,13.0
4470,San Marino,1990,Year 1-4,1.0
4496,San Marino,2016,Year 1-4,1.0
4500,Sao Tome and Principe,1990,Year 1-4,176.0
4526,Sao Tome and Principe,2016,Year 1-4,28.0
4530,Saudi Arabia,1990,Year 1-4,4857.0
4556,Saudi Arabia,2016,Year 1-4,757.0
4560,Senegal,1990,Year 1-4,20464.0
4586,Senegal,2016,Year 1-4,6765.0
4590,Serbia,1990,Year 1-4,581.0
4616,Serbia,2016,Year 1-4,72.0
4620,Seychelles,1990,Year 1-4,4.0
4646,Seychelles,2016,Year 1-4,3.0
4650,Sierra Leone,1990,Year 1-4,19753.0
4676,Sierra Leone,2016,Year 1-4,8831.0
4680,Singapore,1990,Year 1-4,77.0
4706,Singapore,2016,Year 1-4,25.0
4710,Slovakia,1990,Year 1-4,178.0
4736,Slovakia,2016,Year 1-4,63.0
4740,Slovenia,1990,Year 1-4,40.0
4766,Slovenia,2016,Year 1-4,10.0
4770,Solomon Islands,1990,Year 1-4,83.0
4796,Solomon Islands,2016,Year 1-4,64.0
4800,Somalia,1990,Year 1-4,23105.0
4826,Somalia,2016,Year 1-4,27256.0
4830,South Africa,1990,Year 1-4,15936.0
4856,South Africa,2016,Year 1-4,8724.0
4860,South Korea,1990,Year 1-4,1456.0
4886,South Korea,2016,Year 1-4,217.0
4890,South Sudan,1990,Year 1-4,25592.0
4916,South Sudan,2016,Year 1-4,12964.0
4920,Spain,1990,Year 1-4,741.0
4946,Spain,2016,Year 1-4,251.0
4950,Sri Lanka,1990,Year 1-4,1268.0
4976,Sri Lanka,2016,Year 1-4,419.0
4980,Sudan,1990,Year 1-4,38455.0
5006,Sudan,2016,Year 1-4,25070.0
5010,Suriname,1990,Year 1-4,70.0
5036,Suriname,2016,Year 1-4,23.0
5040,Sweden,1990,Year 1-4,120.0
5066,Sweden,2016,Year 1-4,60.0
5070,Switzerland,1990,Year 1-4,119.0
5096,Switzerland,2016,Year 1-4,45.0
5100,Syria,1990,Year 1-4,2940.0
5126,Syria,2016,Year 1-4,7297.0
5130,Tajikistan,1990,Year 1-4,4414.0
5156,Tajikistan,2016,Year 1-4,1212.0
5160,Tanzania,1990,Year 1-4,67381.0
5186,Tanzania,2016,Year 1-4,30715.0
5190,Thailand,1990,Year 1-4,7571.0
5216,Thailand,2016,Year 1-4,1115.0
5220,Timor,1990,Year 1-4,1217.0
5246,Timor,2016,Year 1-4,238.0
5250,Togo,1990,Year 1-4,8456.0
5276,Togo,2016,Year 1-4,5903.0
5280,Tonga,1990,Year 1-4,10.0
5306,Tonga,2016,Year 1-4,5.0
5310,Trinidad and Tobago,1990,Year 1-4,103.0
5336,Trinidad and Tobago,2016,Year 1-4,39.0
5340,Tunisia,1990,Year 1-4,2725.0
5366,Tunisia,2016,Year 1-4,495.0
5370,Turkey,1990,Year 1-4,26693.0
5396,Turkey,2016,Year 1-4,2212.0
5400,Turkmenistan,1990,Year 1-4,1852.0
5426,Turkmenistan,2016,Year 1-4,824.0
5430,Tuvalu,1990,Year 1-4,3.0
5456,Tuvalu,2016,Year 1-4,1.0
5460,Uganda,1990,Year 1-4,58855.0
5486,Uganda,2016,Year 1-4,22996.0
5490,Ukraine,1990,Year 1-4,1978.0
5516,Ukraine,2016,Year 1-4,635.0
5520,United Arab Emirates,1990,Year 1-4,103.0
5546,United Arab Emirates,2016,Year 1-4,107.0
5550,United Kingdom,1990,Year 1-4,1074.0
5576,United Kingdom,2016,Year 1-4,501.0
5580,United States,1990,Year 1-4,7021.0
5606,United States,2016,Year 1-4,3842.0
5610,Uruguay,1990,Year 1-4,154.0
5636,Uruguay,2016,Year 1-4,55.0
5640,Uzbekistan,1990,Year 1-4,8533.0
5666,Uzbekistan,2016,Year 1-4,1309.0
5670,Vanuatu,1990,Year 1-4,32.0
5696,Vanuatu,2016,Year 1-4,36.0
5700,Venezuela,1990,Year 1-4,2680.0
5726,Venezuela,2016,Year 1-4,1831.0
5730,Vietnam,1990,Year 1-4,27684.0
5756,Vietnam,2016,Year 1-4,6851.0
5760,World,1990,Year 1-4,3778117.0
5786,World,2016,Year 1-4,1459614.0
5790,Yemen,1990,Year 1-4,21132.0
5816,Yemen,2016,Year 1-4,11987.0
5820,Zambia,1990,Year 1-4,25065.0
5846,Zambia,2016,Year 1-4,11571.0
5850,Zimbabwe,1990,Year 1-4,10539.0
5876,Zimbabwe,2016,Year 1-4,8442.0
5880,Afghanistan,1990,Day 28-364,30929.0
5906,Afghanistan,2016,Day 28-364,30887.0
5910,Albania,1990,Day 28-364,1524.0
5936,Albania,2016,Day 28-364,93.0
5940,Algeria,1990,Day 28-364,19201.0
5966,Algeria,2016,Day 28-364,5629.0
5970,Andorra,1990,Day 28-364,1.0
5996,Andorra,2016,Day 28-364,0.0
6000,Angola,1990,Day 28-364,31715.0
6026,Angola,2016,Day 28-364,21055.0
6030,Antigua and Barbuda,1990,Day 28-364,3.0
6056,Antigua and Barbuda,2016,Day 28-364,3.0
6060,Argentina,1990,Day 28-364,6216.0
6086,Argentina,2016,Day 28-364,2553.0
6090,Armenia,1990,Day 28-364,1361.0
6116,Armenia,2016,Day 28-364,162.0
6120,Australia,1990,Day 28-364,784.0
6146,Australia,2016,Day 28-364,303.0
6150,Austria,1990,Day 28-364,304.0
6176,Austria,2016,Day 28-364,74.0
6180,Azerbaijan,1990,Day 28-364,6796.0
6206,Azerbaijan,2016,Day 28-364,1511.0
6210,Bahamas,1990,Day 28-364,34.0
6236,Bahamas,2016,Day 28-364,15.0
6240,Bahrain,1990,Day 28-364,119.0
6266,Bahrain,2016,Day 28-364,52.0
6270,Bangladesh,1990,Day 28-364,134885.0
6296,Bangladesh,2016,Day 28-364,19009.0
6300,Barbados,1990,Day 28-364,14.0
6326,Barbados,2016,Day 28-364,7.0
6330,Belarus,1990,Day 28-364,684.0
6356,Belarus,2016,Day 28-364,213.0
6360,Belgium,1990,Day 28-364,470.0
6386,Belgium,2016,Day 28-364,129.0
6390,Belize,1990,Day 28-364,84.0
6416,Belize,2016,Day 28-364,32.0
6420,Benin,1990,Day 28-364,13042.0
6446,Benin,2016,Day 28-364,12482.0
6450,Bhutan,1990,Day 28-364,754.0
6476,Bhutan,2016,Day 28-364,108.0
6480,Bolivia,1990,Day 28-364,9427.0
6506,Bolivia,2016,Day 28-364,3343.0
6510,Bosnia and Herzegovina,1990,Day 28-364,134.0
6536,Bosnia and Herzegovina,2016,Day 28-364,22.0
6540,Botswana,1990,Day 28-364,662.0
6566,Botswana,2016,Day 28-364,499.0
6570,Brazil,1990,Day 28-364,109468.0
6596,Brazil,2016,Day 28-364,28820.0
6600,Brunei,1990,Day 28-364,22.0
6626,Brunei,2016,Day 28-364,21.0
6630,Bulgaria,1990,Day 28-364,742.0
6656,Bulgaria,2016,Day 28-364,176.0
6660,Burkina Faso,1990,Day 28-364,26442.0
6686,Burkina Faso,2016,Day 28-364,30904.0
6690,Burundi,1990,Day 28-364,14636.0
6716,Burundi,2016,Day 28-364,9884.0
6720,Cambodia,1990,Day 28-364,20712.0
6746,Cambodia,2016,Day 28-364,4311.0
6750,Cameroon,1990,Day 28-364,17294.0
6776,Cameroon,2016,Day 28-364,21903.0
6780,Canada,1990,Day 28-364,937.0
6806,Canada,2016,Day 28-364,485.0
6810,Cape Verde,1990,Day 28-364,345.0
6836,Cape Verde,2016,Day 28-364,65.0
6840,Central African Republic,1990,Day 28-364,8157.0
6866,Central African Republic,2016,Day 28-364,8679.0
6870,Chad,1990,Day 28-364,19217.0
6896,Chad,2016,Day 28-364,27012.0
6900,Chile,1990,Day 28-364,2125.0
6926,Chile,2016,Day 28-364,500.0
6930,China,1990,Day 28-364,645104.0
6956,China,2016,Day 28-364,64084.0
6960,Colombia,1990,Day 28-364,9314.0
6986,Colombia,2016,Day 28-364,3463.0
6990,Comoros,1990,Day 28-364,853.0
7016,Comoros,2016,Day 28-364,260.0
7020,Congo,1990,Day 28-364,3177.0
7046,Congo,2016,Day 28-364,1718.0
7050,Cook Islands,1990,Day 28-364,3.0
7076,Cook Islands,2016,Day 28-364,0.0
7080,Costa Rica,1990,Day 28-364,444.0
7106,Costa Rica,2016,Day 28-364,141.0
7110,Cote d'Ivoire,1990,Day 28-364,27294.0
7136,Cote d'Ivoire,2016,Day 28-364,14227.0
7140,Croatia,1990,Day 28-364,156.0
7166,Croatia,2016,Day 28-364,37.0
7170,Cuba,1990,Day 28-364,782.0
7196,Cuba,2016,Day 28-364,213.0
7200,Cyprus,1990,Day 28-364,59.0
7226,Cyprus,2016,Day 28-364,13.0
7230,Czechia,1990,Day 28-364,450.0
7256,Czechia,2016,Day 28-364,109.0
7260,Democratic Republic of Congo,1990,Day 28-364,107516.0
7286,Democratic Republic of Congo,2016,Day 28-364,64642.0
7290,Denmark,1990,Day 28-364,186.0
7316,Denmark,2016,Day 28-364,48.0
7320,Djibouti,1990,Day 28-364,834.0
7346,Djibouti,2016,Day 28-364,582.0
7350,Dominica,1990,Day 28-364,8.0
7376,Dominica,2016,Day 28-364,5.0
7380,Dominican Republic,1990,Day 28-364,6088.0
7406,Dominican Republic,2016,Day 28-364,1396.0
7410,Ecuador,1990,Day 28-364,4251.0
7436,Ecuador,2016,Day 28-364,1868.0
7440,Egypt,1990,Day 28-364,60214.0
7466,Egypt,2016,Day 28-364,18921.0
7470,El Salvador,1990,Day 28-364,3638.0
7496,El Salvador,2016,Day 28-364,563.0
7500,Equatorial Guinea,1990,Day 28-364,1277.0
7526,Equatorial Guinea,2016,Day 28-364,503.0
7530,Eritrea,1990,Day 28-364,6199.0
7556,Eritrea,2016,Day 28-364,2914.0
7560,Estonia,1990,Day 28-364,105.0
7586,Estonia,2016,Day 28-364,14.0
7590,Eswatini,1990,Day 28-364,907.0
7616,Eswatini,2016,Day 28-364,726.0
7620,Ethiopia,1990,Day 28-364,139038.0
7646,Ethiopia,2016,Day 28-364,50955.0
7650,Fiji,1990,Day 28-364,147.0
7676,Fiji,2016,Day 28-364,118.0
7680,Finland,1990,Day 28-364,119.0
7706,Finland,2016,Day 28-364,34.0
7710,France,1990,Day 28-364,2690.0
7736,France,2016,Day 28-364,764.0
7740,Gabon,1990,Day 28-364,1065.0
7766,Gabon,2016,Day 28-364,367.0
7770,Gambia,1990,Day 28-364,1302.0
7796,Gambia,2016,Day 28-364,656.0
7800,Georgia,1990,Day 28-364,1254.0
7826,Georgia,2016,Day 28-364,187.0
7830,Germany,1990,Day 28-364,2847.0
7856,Germany,2016,Day 28-364,717.0
7860,Ghana,1990,Day 28-364,17847.0
7886,Ghana,2016,Day 28-364,12814.0
7890,Greece,1990,Day 28-364,265.0
7916,Greece,2016,Day 28-364,127.0
7920,Grenada,1990,Day 28-364,14.0
7946,Grenada,2016,Day 28-364,5.0
7950,Guatemala,1990,Day 28-364,8672.0
7976,Guatemala,2016,Day 28-364,4000.0
7980,Guinea,1990,Day 28-364,18598.0
8006,Guinea,2016,Day 28-364,13100.0
8010,Guinea-Bissau,1990,Day 28-364,2391.0
8036,Guinea-Bissau,2016,Day 28-364,1159.0
8040,Guyana,1990,Day 28-364,294.0
8066,Guyana,2016,Day 28-364,83.0
8070,Haiti,1990,Day 28-364,13683.0
8096,Haiti,2016,Day 28-364,7623.0
8100,Honduras,1990,Day 28-364,3655.0
8126,Honduras,2016,Day 28-364,1083.0
8130,Hungary,1990,Day 28-364,542.0
8156,Hungary,2016,Day 28-364,134.0
8160,Iceland,1990,Day 28-364,7.0
8186,Iceland,2016,Day 28-364,2.0
8190,India,1990,Day 28-364,712842.0
8216,India,2016,Day 28-364,218868.0
8220,Indonesia,1990,Day 28-364,145780.0
8246,Indonesia,2016,Day 28-364,32731.0
8250,Iran,1990,Day 28-364,41117.0
8276,Iran,2016,Day 28-364,5770.0
8280,Iraq,1990,Day 28-364,14206.0
8306,Iraq,2016,Day 28-364,3850.0
8310,Ireland,1990,Day 28-364,146.0
8336,Ireland,2016,Day 28-364,59.0
8340,Israel,1990,Day 28-364,354.0
8366,Israel,2016,Day 28-364,182.0
8370,Italy,1990,Day 28-364,1465.0
8396,Italy,2016,Day 28-364,427.0
8400,Jamaica,1990,Day 28-364,348.0
8426,Jamaica,2016,Day 28-364,66.0
8430,Japan,1990,Day 28-364,2403.0
8456,Japan,2016,Day 28-364,989.0
8460,Jordan,1990,Day 28-364,1446.0
8486,Jordan,2016,Day 28-364,1059.0
8490,Kazakhstan,1990,Day 28-364,5680.0
8516,Kazakhstan,2016,Day 28-364,1695.0
8520,Kenya,1990,Day 28-364,36591.0
8546,Kenya,2016,Day 28-364,18316.0
8550,Kiribati,1990,Day 28-364,73.0
8576,Kiribati,2016,Day 28-364,35.0
8580,Kuwait,1990,Day 28-364,232.0
8606,Kuwait,2016,Day 28-364,171.0
8610,Kyrgyzstan,1990,Day 28-364,2038.0
8636,Kyrgyzstan,2016,Day 28-364,693.0
8640,Laos,1990,Day 28-364,11635.0
8666,Laos,2016,Day 28-364,3438.0
8670,Latvia,1990,Day 28-364,163.0
8696,Latvia,2016,Day 28-364,29.0
8700,Lebanon,1990,Day 28-364,1121.0
8726,Lebanon,2016,Day 28-364,393.0
8730,Lesotho,1990,Day 28-364,2051.0
8756,Lesotho,2016,Day 28-364,1233.0
8760,Liberia,1990,Day 28-364,7685.0
8786,Liberia,2016,Day 28-364,3149.0
8790,Libya,1990,Day 28-364,2000.0
8816,Libya,2016,Day 28-364,270.0
8820,Lithuania,1990,Day 28-364,233.0
8846,Lithuania,2016,Day 28-364,53.0
8850,Luxembourg,1990,Day 28-364,16.0
8876,Luxembourg,2016,Day 28-364,4.0
8880,Madagascar,1990,Day 28-364,26046.0
8906,Madagascar,2016,Day 28-364,17550.0
8910,Malawi,1990,Day 28-364,32352.0
8936,Malawi,2016,Day 28-364,10555.0
8940,Malaysia,1990,Day 28-364,2369.0
8966,Malaysia,2016,Day 28-364,986.0
8970,Maldives,1990,Day 28-364,157.0
8996,Maldives,2016,Day 28-364,44.0
9000,Mali,1990,Day 28-364,26165.0
9026,Mali,2016,Day 28-364,28343.0
9030,Malta,1990,Day 28-364,13.0
9056,Malta,2016,Day 28-364,6.0
9060,Marshall Islands,1990,Day 28-364,16.0
9086,Marshall Islands,2016,Day 28-364,8.0
9090,Mauritania,1990,Day 28-364,2359.0
9116,Mauritania,2016,Day 28-364,1380.0
9120,Mauritius,1990,Day 28-364,103.0
9146,Mauritius,2016,Day 28-364,42.0
9150,Mexico,1990,Day 28-364,41609.0
9176,Mexico,2016,Day 28-364,11112.0
9180,Micronesia (country),1990,Day 28-364,50.0
9206,Micronesia (country),2016,Day 28-364,10.0
9210,Moldova,1990,Day 28-364,864.0
9236,Moldova,2016,Day 28-364,66.0
9240,Monaco,1990,Day 28-364,1.0
9266,Monaco,2016,Day 28-364,0.0
9270,Mongolia,1990,Day 28-364,2790.0
9296,Mongolia,2016,Day 28-364,550.0
9300,Montenegro,1990,Day 28-364,36.0
9326,Montenegro,2016,Day 28-364,7.0
9330,Morocco,1990,Day 28-364,21236.0
9356,Morocco,2016,Day 28-364,3849.0
9360,Mozambique,1990,Day 28-364,47079.0
9386,Mozambique,2016,Day 28-364,32428.0
9390,Myanmar,1990,Day 28-364,79109.0
9416,Myanmar,2016,Day 28-364,17358.0
9420,Namibia,1990,Day 28-364,968.0
9446,Namibia,2016,Day 28-364,769.0
9450,Nauru,1990,Day 28-364,3.0
9476,Nauru,2016,Day 28-364,2.0
9480,Nepal,1990,Day 28-364,30549.0
9506,Nepal,2016,Day 28-364,5116.0
9510,Netherlands,1990,Day 28-364,470.0
9536,Netherlands,2016,Day 28-364,153.0
9540,New Zealand,1990,Day 28-364,296.0
9566,New Zealand,2016,Day 28-364,79.0
9570,Nicaragua,1990,Day 28-364,4192.0
9596,Nicaragua,2016,Day 28-364,705.0
9600,Niger,1990,Day 28-364,33623.0
9626,Niger,2016,Day 28-364,30131.0
9630,Nigeria,1990,Day 28-364,216570.0
9656,Nigeria,2016,Day 28-364,228561.0
9660,Niue,1990,Day 28-364,0.0
9686,Niue,2016,Day 28-364,0.0
9690,North Korea,1990,Day 28-364,17455.0
9716,North Korea,2016,Day 28-364,1610.0
9720,North Macedonia,1990,Day 28-364,536.0
9746,North Macedonia,2016,Day 28-364,70.0
9750,Norway,1990,Day 28-364,155.0
9776,Norway,2016,Day 28-364,39.0
9780,Oman,1990,Day 28-364,662.0
9806,Oman,2016,Day 28-364,286.0
9810,Pakistan,1990,Day 28-364,87087.0
9836,Pakistan,2016,Day 28-364,88168.0
9840,Palau,1990,Day 28-364,3.0
9866,Palau,2016,Day 28-364,1.0
9870,Palestine,1990,Day 28-364,1333.0
9896,Palestine,2016,Day 28-364,603.0
9900,Panama,1990,Day 28-364,518.0
9926,Panama,2016,Day 28-364,399.0
9930,Papua New Guinea,1990,Day 28-364,4412.0
9956,Papua New Guinea,2016,Day 28-364,6347.0
9960,Paraguay,1990,Day 28-364,1283.0
9986,Paraguay,2016,Day 28-364,956.0
9990,Peru,1990,Day 28-364,17827.0
10016,Peru,2016,Day 28-364,3628.0
10020,Philippines,1990,Day 28-364,35188.0
10046,Philippines,2016,Day 28-364,20257.0
10050,Poland,1990,Day 28-364,3207.0
10076,Poland,2016,Day 28-364,523.0
10080,Portugal,1990,Day 28-364,465.0
10106,Portugal,2016,Day 28-364,77.0
10110,Qatar,1990,Day 28-364,89.0
10136,Qatar,2016,Day 28-364,72.0
10140,Romania,1990,Day 28-364,5367.0
10166,Romania,2016,Day 28-364,578.0
10170,Russia,1990,Day 28-364,10455.0
10196,Russia,2016,Day 28-364,4774.0
10200,Rwanda,1990,Day 28-364,16431.0
10226,Rwanda,2016,Day 28-364,5277.0
10230,Saint Kitts and Nevis,1990,Day 28-364,6.0
10256,Saint Kitts and Nevis,2016,Day 28-364,2.0
10260,Saint Lucia,1990,Day 28-364,19.0
10286,Saint Lucia,2016,Day 28-364,4.0
10290,Saint Vincent and the Grenadines,1990,Day 28-364,22.0
10316,Saint Vincent and the Grenadines,2016,Day 28-364,6.0
10320,Samoa,1990,Day 28-364,36.0
10346,Samoa,2016,Day 28-364,14.0
10350,San Marino,1990,Day 28-364,1.0
10376,San Marino,2016,Day 28-364,0.0
10380,Sao Tome and Principe,1990,Day 28-364,173.0
10406,Sao Tome and Principe,2016,Day 28-364,50.0
10410,Saudi Arabia,1990,Day 28-364,9081.0
10436,Saudi Arabia,2016,Day 28-364,1096.0
10440,Senegal,1990,Day 28-364,11165.0
10466,Senegal,2016,Day 28-364,6773.0
10470,Serbia,1990,Day 28-364,1386.0
10496,Serbia,2016,Day 28-364,124.0
10500,Seychelles,1990,Day 28-364,5.0
10526,Seychelles,2016,Day 28-364,5.0
10530,Sierra Leone,1990,Day 28-364,14053.0
10556,Sierra Leone,2016,Day 28-364,11996.0
10560,Singapore,1990,Day 28-364,149.0
10586,Singapore,2016,Day 28-364,41.0
10590,Slovakia,1990,Day 28-364,353.0
10616,Slovakia,2016,Day 28-364,128.0
10620,Slovenia,1990,Day 28-364,61.0
10646,Slovenia,2016,Day 28-364,8.0
10650,Solomon Islands,1990,Day 28-364,256.0
10676,Solomon Islands,2016,Day 28-364,173.0
10680,Somalia,1990,Day 28-364,20920.0
10706,Somalia,2016,Day 28-364,28971.0
10710,South Africa,1990,Day 28-364,29318.0
10736,South Africa,2016,Day 28-364,13262.0
10740,South Korea,1990,Day 28-364,3090.0
10766,South Korea,2016,Day 28-364,499.0
10770,South Sudan,1990,Day 28-364,17029.0
10796,South Sudan,2016,Day 28-364,13211.0
10800,Spain,1990,Day 28-364,1073.0
10826,Spain,2016,Day 28-364,380.0
10830,Sri Lanka,1990,Day 28-364,2291.0
10856,Sri Lanka,2016,Day 28-364,728.0
10860,Sudan,1990,Day 28-364,42247.0
10886,Sudan,2016,Day 28-364,18120.0
10890,Suriname,1990,Day 28-364,161.0
10916,Suriname,2016,Day 28-364,68.0
10920,Sweden,1990,Day 28-364,277.0
10946,Sweden,2016,Day 28-364,99.0
10950,Switzerland,1990,Day 28-364,232.0
10976,Switzerland,2016,Day 28-364,61.0
10980,Syria,1990,Day 28-364,8659.0
11006,Syria,2016,Day 28-364,1151.0
11010,Tajikistan,1990,Day 28-364,6495.0
11036,Tajikistan,2016,Day 28-364,3425.0
11040,Tanzania,1990,Day 28-364,73032.0
11066,Tanzania,2016,Day 28-364,39236.0
11070,Thailand,1990,Day 28-364,9039.0
11096,Thailand,2016,Day 28-364,1582.0
11100,Timor,1990,Day 28-364,1985.0
11126,Timor,2016,Day 28-364,435.0
11130,Togo,1990,Day 28-364,6112.0
11156,Togo,2016,Day 28-364,4433.0
11160,Tonga,1990,Day 28-364,19.0
11186,Tonga,2016,Day 28-364,10.0
11190,Trinidad and Tobago,1990,Day 28-364,120.0
11216,Trinidad and Tobago,2016,Day 28-364,53.0
11220,Tunisia,1990,Day 28-364,4419.0
11246,Tunisia,2016,Day 28-364,574.0
11250,Turkey,1990,Day 28-364,46872.0
11276,Turkey,2016,Day 28-364,4673.0
11280,Turkmenistan,1990,Day 28-364,3450.0
11306,Turkmenistan,2016,Day 28-364,1047.0
11310,Tuvalu,1990,Day 28-364,8.0
11336,Tuvalu,2016,Day 28-364,1.0
11340,Uganda,1990,Day 28-364,53996.0
11366,Uganda,2016,Day 28-364,31140.0
11370,Ukraine,1990,Day 28-364,1453.0
11396,Ukraine,2016,Day 28-364,1282.0
11400,United Arab Emirates,1990,Day 28-364,253.0
11426,United Arab Emirates,2016,Day 28-364,102.0
11430,United Kingdom,1990,Day 28-364,2489.0
11456,United Kingdom,2016,Day 28-364,888.0
11460,United States,1990,Day 28-364,14308.0
11486,United States,2016,Day 28-364,7806.0
11490,Uruguay,1990,Day 28-364,410.0
11516,Uruguay,2016,Day 28-364,127.0
11520,Uzbekistan,1990,Day 28-364,13502.0
11546,Uzbekistan,2016,Day 28-364,5680.0
11550,Vanuatu,1990,Day 28-364,67.0
11576,Vanuatu,2016,Day 28-364,60.0
11580,Venezuela,1990,Day 28-364,5978.0
11606,Venezuela,2016,Day 28-364,2182.0
11610,Vietnam,1990,Day 28-364,21371.0
11636,Vietnam,2016,Day 28-364,5060.0
11640,World,1990,Day 28-364,3832898.0
11666,World,2016,Day 28-364,1561194.0
11670,Yemen,1990,Day 28-364,36883.0
11696,Yemen,2016,Day 28-364,15984.0
11700,Zambia,1990,Day 28-364,22240.0
11726,Zambia,2016,Day 28-364,10504.0
11730,Zimbabwe,1990,Day 28-364,9153.0
11756,Zimbabwe,2016,Day 28-364,8152.0
11760,Afghanistan,1990,Day 7-27,9869.0
11786,Afghanistan,2016,Day 7-27,9542.0
11790,Albania,1990,Day 7-27,208.0
11816,Albania,2016,Day 7-27,36.0
11820,Algeria,1990,Day 7-27,6461.0
11846,Algeria,2016,Day 7-27,2378.0
11850,Andorra,1990,Day 7-27,0.0
11876,Andorra,2016,Day 7-27,0.0
11880,Angola,1990,Day 7-27,8988.0
11906,Angola,2016,Day 7-27,3790.0
11910,Antigua and Barbuda,1990,Day 7-27,3.0
11936,Antigua and Barbuda,2016,Day 7-27,2.0
11940,Argentina,1990,Day 7-27,2039.0
11966,Argentina,2016,Day 7-27,1094.0
11970,Armenia,1990,Day 7-27,364.0
11996,Armenia,2016,Day 7-27,89.0
12000,Australia,1990,Day 7-27,219.0
12026,Australia,2016,Day 7-27,124.0
12030,Austria,1990,Day 7-27,107.0
12056,Austria,2016,Day 7-27,37.0
12060,Azerbaijan,1990,Day 7-27,1794.0
12086,Azerbaijan,2016,Day 7-27,663.0
12090,Bahamas,1990,Day 7-27,15.0
12116,Bahamas,2016,Day 7-27,9.0
12120,Bahrain,1990,Day 7-27,44.0
12146,Bahrain,2016,Day 7-27,13.0
12150,Bangladesh,1990,Day 7-27,82209.0
12176,Bangladesh,2016,Day 7-27,11433.0
12180,Barbados,1990,Day 7-27,11.0
12206,Barbados,2016,Day 7-27,6.0
12210,Belarus,1990,Day 7-27,376.0
12236,Belarus,2016,Day 7-27,85.0
12240,Belgium,1990,Day 7-27,120.0
12266,Belgium,2016,Day 7-27,63.0
12270,Belize,1990,Day 7-27,19.0
12296,Belize,2016,Day 7-27,21.0
12300,Benin,1990,Day 7-27,2389.0
12326,Benin,2016,Day 7-27,2500.0
12330,Bhutan,1990,Day 7-27,422.0
12356,Bhutan,2016,Day 7-27,67.0
12360,Bolivia,1990,Day 7-27,2914.0
12386,Bolivia,2016,Day 7-27,1407.0
12390,Bosnia and Herzegovina,1990,Day 7-27,85.0
12416,Bosnia and Herzegovina,2016,Day 7-27,93.0
12420,Botswana,1990,Day 7-27,197.0
12446,Botswana,2016,Day 7-27,155.0
12450,Brazil,1990,Day 7-27,22994.0
12476,Brazil,2016,Day 7-27,5830.0
12480,Brunei,1990,Day 7-27,10.0
12506,Brunei,2016,Day 7-27,9.0
12510,Bulgaria,1990,Day 7-27,269.0
12536,Bulgaria,2016,Day 7-27,74.0
12540,Burkina Faso,1990,Day 7-27,8015.0
12566,Burkina Faso,2016,Day 7-27,7023.0
12570,Burundi,1990,Day 7-27,3608.0
12596,Burundi,2016,Day 7-27,2964.0
12600,Cambodia,1990,Day 7-27,6503.0
12626,Cambodia,2016,Day 7-27,1321.0
12630,Cameroon,1990,Day 7-27,5294.0
12656,Cameroon,2016,Day 7-27,5221.0
12660,Canada,1990,Day 7-27,303.0
12686,Canada,2016,Day 7-27,209.0
12690,Cape Verde,1990,Day 7-27,64.0
12716,Cape Verde,2016,Day 7-27,20.0
12720,Central African Republic,1990,Day 7-27,1827.0
12746,Central African Republic,2016,Day 7-27,2035.0
12750,Chad,1990,Day 7-27,5580.0
12776,Chad,2016,Day 7-27,5781.0
12780,Chile,1990,Day 7-27,536.0
12806,Chile,2016,Day 7-27,230.0
12810,China,1990,Day 7-27,109818.0
12836,China,2016,Day 7-27,19318.0
12840,Colombia,1990,Day 7-27,2860.0
12866,Colombia,2016,Day 7-27,1675.0
12870,Comoros,1990,Day 7-27,272.0
12896,Comoros,2016,Day 7-27,79.0
12900,Congo,1990,Day 7-27,607.0
12926,Congo,2016,Day 7-27,542.0
12930,Cook Islands,1990,Day 7-27,1.0
12956,Cook Islands,2016,Day 7-27,0.0
12960,Costa Rica,1990,Day 7-27,141.0
12986,Costa Rica,2016,Day 7-27,86.0
12990,Cote d'Ivoire,1990,Day 7-27,8983.0
13016,Cote d'Ivoire,2016,Day 7-27,6164.0
13020,Croatia,1990,Day 7-27,90.0
13046,Croatia,2016,Day 7-27,31.0
13050,Cuba,1990,Day 7-27,326.0
13076,Cuba,2016,Day 7-27,100.0
13080,Cyprus,1990,Day 7-27,22.0
13106,Cyprus,2016,Day 7-27,7.0
13110,Czechia,1990,Day 7-27,211.0
13136,Czechia,2016,Day 7-27,66.0
13140,Democratic Republic of Congo,1990,Day 7-27,17905.0
13166,Democratic Republic of Congo,2016,Day 7-27,13069.0
13170,Denmark,1990,Day 7-27,59.0
13196,Denmark,2016,Day 7-27,29.0
13200,Djibouti,1990,Day 7-27,204.0
13226,Djibouti,2016,Day 7-27,163.0
13230,Dominica,1990,Day 7-27,4.0
13256,Dominica,2016,Day 7-27,3.0
13260,Dominican Republic,1990,Day 7-27,1553.0
13286,Dominican Republic,2016,Day 7-27,840.0
13290,Ecuador,1990,Day 7-27,1323.0
13316,Ecuador,2016,Day 7-27,713.0
13320,Egypt,1990,Day 7-27,24444.0
13346,Egypt,2016,Day 7-27,7445.0
13350,El Salvador,1990,Day 7-27,753.0
13376,El Salvador,2016,Day 7-27,204.0
13380,Equatorial Guinea,1990,Day 7-27,267.0
13406,Equatorial Guinea,2016,Day 7-27,118.0
13410,Eritrea,1990,Day 7-27,1557.0
13436,Eritrea,2016,Day 7-27,827.0
13440,Estonia,1990,Day 7-27,54.0
13466,Estonia,2016,Day 7-27,6.0
13470,Eswatini,1990,Day 7-27,170.0
13496,Eswatini,2016,Day 7-27,119.0
13500,Ethiopia,1990,Day 7-27,46187.0
13526,Ethiopia,2016,Day 7-27,25530.0
13530,Fiji,1990,Day 7-27,40.0
13556,Fiji,2016,Day 7-27,49.0
13560,Finland,1990,Day 7-27,47.0
13586,Finland,2016,Day 7-27,13.0
13590,France,1990,Day 7-27,814.0
13616,France,2016,Day 7-27,519.0
13620,Gabon,1990,Day 7-27,223.0
13646,Gabon,2016,Day 7-27,144.0
13650,Gambia,1990,Day 7-27,397.0
13676,Gambia,2016,Day 7-27,186.0
13680,Georgia,1990,Day 7-27,251.0
13706,Georgia,2016,Day 7-27,108.0
13710,Germany,1990,Day 7-27,880.0
13736,Germany,2016,Day 7-27,362.0
13740,Ghana,1990,Day 7-27,5434.0
13766,Ghana,2016,Day 7-27,3911.0
13770,Greece,1990,Day 7-27,188.0
13796,Greece,2016,Day 7-27,87.0
13800,Grenada,1990,Day 7-27,4.0
13826,Grenada,2016,Day 7-27,2.0
13830,Guatemala,1990,Day 7-27,2453.0
13856,Guatemala,2016,Day 7-27,1526.0
13860,Guinea,1990,Day 7-27,5159.0
13886,Guinea,2016,Day 7-27,3970.0
13890,Guinea-Bissau,1990,Day 7-27,740.0
13916,Guinea-Bissau,2016,Day 7-27,382.0
13920,Guyana,1990,Day 7-27,89.0
13946,Guyana,2016,Day 7-27,27.0
13950,Haiti,1990,Day 7-27,4407.0
13976,Haiti,2016,Day 7-27,3077.0
13980,Honduras,1990,Day 7-27,944.0
14006,Honduras,2016,Day 7-27,605.0
14010,Hungary,1990,Day 7-27,280.0
14036,Hungary,2016,Day 7-27,79.0
14040,Iceland,1990,Day 7-27,3.0
14066,Iceland,2016,Day 7-27,1.0
14070,India,1990,Day 7-27,361559.0
14096,India,2016,Day 7-27,121688.0
14100,Indonesia,1990,Day 7-27,48737.0
14126,Indonesia,2016,Day 7-27,11269.0
14130,Iran,1990,Day 7-27,15496.0
14156,Iran,2016,Day 7-27,3549.0
14160,Iraq,1990,Day 7-27,5681.0
14186,Iraq,2016,Day 7-27,2548.0
14190,Ireland,1990,Day 7-27,45.0
14216,Ireland,2016,Day 7-27,31.0
14220,Israel,1990,Day 7-27,148.0
14246,Israel,2016,Day 7-27,115.0
14250,Italy,1990,Day 7-27,798.0
14276,Italy,2016,Day 7-27,284.0
14280,Jamaica,1990,Day 7-27,184.0
14306,Jamaica,2016,Day 7-27,111.0
14310,Japan,1990,Day 7-27,852.0
14336,Japan,2016,Day 7-27,254.0
14340,Jordan,1990,Day 7-27,744.0
14366,Jordan,2016,Day 7-27,520.0
14370,Kazakhstan,1990,Day 7-27,2061.0
14396,Kazakhstan,2016,Day 7-27,874.0
14400,Kenya,1990,Day 7-27,6653.0
14426,Kenya,2016,Day 7-27,5782.0
14430,Kiribati,1990,Day 7-27,16.0
14456,Kiribati,2016,Day 7-27,12.0
14460,Kuwait,1990,Day 7-27,95.0
14486,Kuwait,2016,Day 7-27,113.0
14490,Kyrgyzstan,1990,Day 7-27,787.0
14516,Kyrgyzstan,2016,Day 7-27,250.0
14520,Laos,1990,Day 7-27,2610.0
14546,Laos,2016,Day 7-27,727.0
14550,Latvia,1990,Day 7-27,118.0
14576,Latvia,2016,Day 7-27,11.0
14580,Lebanon,1990,Day 7-27,520.0
14606,Lebanon,2016,Day 7-27,198.0
14610,Lesotho,1990,Day 7-27,393.0
14636,Lesotho,2016,Day 7-27,259.0
14640,Liberia,1990,Day 7-27,1373.0
14666,Liberia,2016,Day 7-27,745.0
14670,Libya,1990,Day 7-27,931.0
14696,Libya,2016,Day 7-27,162.0
14700,Lithuania,1990,Day 7-27,110.0
14726,Lithuania,2016,Day 7-27,19.0
14730,Luxembourg,1990,Day 7-27,5.0
14756,Luxembourg,2016,Day 7-27,3.0
14760,Madagascar,1990,Day 7-27,7317.0
14786,Madagascar,2016,Day 7-27,4277.0
14790,Malawi,1990,Day 7-27,6381.0
14816,Malawi,2016,Day 7-27,2853.0
14820,Malaysia,1990,Day 7-27,881.0
14846,Malaysia,2016,Day 7-27,517.0
14850,Maldives,1990,Day 7-27,43.0
14876,Maldives,2016,Day 7-27,14.0
14880,Mali,1990,Day 7-27,8413.0
14906,Mali,2016,Day 7-27,6781.0
14910,Malta,1990,Day 7-27,9.0
14936,Malta,2016,Day 7-27,4.0
14940,Marshall Islands,1990,Day 7-27,4.0
14966,Marshall Islands,2016,Day 7-27,3.0
14970,Mauritania,1990,Day 7-27,900.0
14996,Mauritania,2016,Day 7-27,645.0
15000,Mauritius,1990,Day 7-27,49.0
15026,Mauritius,2016,Day 7-27,37.0
15030,Mexico,1990,Day 7-27,11702.0
15056,Mexico,2016,Day 7-27,5145.0
15060,Micronesia (country),1990,Day 7-27,11.0
15086,Micronesia (country),2016,Day 7-27,4.0
15090,Moldova,1990,Day 7-27,299.0
15116,Moldova,2016,Day 7-27,92.0
15120,Monaco,1990,Day 7-27,0.0
15146,Monaco,2016,Day 7-27,0.0
15150,Mongolia,1990,Day 7-27,411.0
15176,Mongolia,2016,Day 7-27,185.0
15180,Montenegro,1990,Day 7-27,22.0
15206,Montenegro,2016,Day 7-27,4.0
15210,Morocco,1990,Day 7-27,10560.0
15236,Morocco,2016,Day 7-27,2400.0
15240,Mozambique,1990,Day 7-27,9434.0
15266,Mozambique,2016,Day 7-27,5064.0
15270,Myanmar,1990,Day 7-27,18825.0
15296,Myanmar,2016,Day 7-27,4518.0
15300,Namibia,1990,Day 7-27,233.0
15326,Namibia,2016,Day 7-27,175.0
15330,Nauru,1990,Day 7-27,1.0
15356,Nauru,2016,Day 7-27,1.0
15360,Nepal,1990,Day 7-27,14897.0
15386,Nepal,2016,Day 7-27,2719.0
15390,Netherlands,1990,Day 7-27,171.0
15416,Netherlands,2016,Day 7-27,114.0
15420,New Zealand,1990,Day 7-27,60.0
15446,New Zealand,2016,Day 7-27,25.0
15450,Nicaragua,1990,Day 7-27,823.0
15476,Nicaragua,2016,Day 7-27,305.0
15480,Niger,1990,Day 7-27,8029.0
15506,Niger,2016,Day 7-27,7547.0
15510,Nigeria,1990,Day 7-27,58056.0
15536,Nigeria,2016,Day 7-27,59686.0
15540,Niue,1990,Day 7-27,0.0
15566,Niue,2016,Day 7-27,0.0
15570,North Korea,1990,Day 7-27,4387.0
15596,North Korea,2016,Day 7-27,599.0
15600,North Macedonia,1990,Day 7-27,156.0
15626,North Macedonia,2016,Day 7-27,46.0
15630,Norway,1990,Day 7-27,60.0
15656,Norway,2016,Day 7-27,23.0
15660,Oman,1990,Day 7-27,305.0
15686,Oman,2016,Day 7-27,156.0
15690,Pakistan,1990,Day 7-27,74956.0
15716,Pakistan,2016,Day 7-27,62676.0
15720,Palau,1990,Day 7-27,1.0
15746,Palau,2016,Day 7-27,0.0
15750,Palestine,1990,Day 7-27,575.0
15776,Palestine,2016,Day 7-27,303.0
15780,Panama,1990,Day 7-27,210.0
15806,Panama,2016,Day 7-27,157.0
15810,Papua New Guinea,1990,Day 7-27,971.0
15836,Papua New Guinea,2016,Day 7-27,1864.0
15840,Paraguay,1990,Day 7-27,653.0
15866,Paraguay,2016,Day 7-27,176.0
15870,Peru,1990,Day 7-27,5740.0
15896,Peru,2016,Day 7-27,1237.0
15900,Philippines,1990,Day 7-27,9324.0
15926,Philippines,2016,Day 7-27,6066.0
15930,Poland,1990,Day 7-27,1371.0
15956,Poland,2016,Day 7-27,310.0
15960,Portugal,1990,Day 7-27,161.0
15986,Portugal,2016,Day 7-27,58.0
15990,Qatar,1990,Day 7-27,35.0
16016,Qatar,2016,Day 7-27,36.0
16020,Romania,1990,Day 7-27,1126.0
16046,Romania,2016,Day 7-27,270.0
16050,Russia,1990,Day 7-27,6033.0
16076,Russia,2016,Day 7-27,1663.0
16080,Rwanda,1990,Day 7-27,4427.0
16106,Rwanda,2016,Day 7-27,1798.0
16110,Saint Kitts and Nevis,1990,Day 7-27,3.0
16136,Saint Kitts and Nevis,2016,Day 7-27,2.0
16140,Saint Lucia,1990,Day 7-27,10.0
16166,Saint Lucia,2016,Day 7-27,4.0
16170,Saint Vincent and the Grenadines,1990,Day 7-27,11.0
16196,Saint Vincent and the Grenadines,2016,Day 7-27,5.0
16200,Samoa,1990,Day 7-27,10.0
16226,Samoa,2016,Day 7-27,7.0
16230,San Marino,1990,Day 7-27,0.0
16256,San Marino,2016,Day 7-27,0.0
16260,Sao Tome and Principe,1990,Day 7-27,31.0
16286,Sao Tome and Principe,2016,Day 7-27,18.0
16290,Saudi Arabia,1990,Day 7-27,2558.0
16316,Saudi Arabia,2016,Day 7-27,478.0
16320,Senegal,1990,Day 7-27,4400.0
16346,Senegal,2016,Day 7-27,3001.0
16350,Serbia,1990,Day 7-27,454.0
16376,Serbia,2016,Day 7-27,82.0
16380,Seychelles,1990,Day 7-27,5.0
16406,Seychelles,2016,Day 7-27,3.0
16410,Sierra Leone,1990,Day 7-27,2591.0
16436,Sierra Leone,2016,Day 7-27,1921.0
16440,Singapore,1990,Day 7-27,56.0
16466,Singapore,2016,Day 7-27,19.0
16470,Slovakia,1990,Day 7-27,197.0
16496,Slovakia,2016,Day 7-27,53.0
16500,Slovenia,1990,Day 7-27,25.0
16526,Slovenia,2016,Day 7-27,13.0
16530,Solomon Islands,1990,Day 7-27,61.0
16556,Solomon Islands,2016,Day 7-27,66.0
16560,Somalia,1990,Day 7-27,5919.0
16586,Somalia,2016,Day 7-27,8309.0
16590,South Africa,1990,Day 7-27,6212.0
16616,South Africa,2016,Day 7-27,3775.0
16620,South Korea,1990,Day 7-27,1043.0
16646,South Korea,2016,Day 7-27,217.0
16650,South Sudan,1990,Day 7-27,3445.0
16676,South Sudan,2016,Day 7-27,2841.0
16680,Spain,1990,Day 7-27,532.0
16706,Spain,2016,Day 7-27,245.0
16710,Sri Lanka,1990,Day 7-27,1063.0
16736,Sri Lanka,2016,Day 7-27,428.0
16740,Sudan,1990,Day 7-27,14803.0
16766,Sudan,2016,Day 7-27,6578.0
16770,Suriname,1990,Day 7-27,59.0
16796,Suriname,2016,Day 7-27,39.0
16800,Sweden,1990,Day 7-27,88.0
16826,Sweden,2016,Day 7-27,50.0
16830,Switzerland,1990,Day 7-27,63.0
16856,Switzerland,2016,Day 7-27,35.0
16860,Syria,1990,Day 7-27,2347.0
16886,Syria,2016,Day 7-27,491.0
16890,Tajikistan,1990,Day 7-27,1249.0
16916,Tajikistan,2016,Day 7-27,750.0
16920,Tanzania,1990,Day 7-27,14540.0
16946,Tanzania,2016,Day 7-27,9291.0
16950,Thailand,1990,Day 7-27,3770.0
16976,Thailand,2016,Day 7-27,824.0
16980,Timor,1990,Day 7-27,351.0
17006,Timor,2016,Day 7-27,64.0
17010,Togo,1990,Day 7-27,1421.0
17036,Togo,2016,Day 7-27,942.0
17040,Tonga,1990,Day 7-27,6.0
17066,Tonga,2016,Day 7-27,5.0
17070,Trinidad and Tobago,1990,Day 7-27,99.0
17096,Trinidad and Tobago,2016,Day 7-27,56.0
17100,Tunisia,1990,Day 7-27,1887.0
17126,Tunisia,2016,Day 7-27,611.0
17130,Turkey,1990,Day 7-27,14008.0
17156,Turkey,2016,Day 7-27,1901.0
17160,Turkmenistan,1990,Day 7-27,900.0
17186,Turkmenistan,2016,Day 7-27,411.0
17190,Tuvalu,1990,Day 7-27,2.0
17216,Tuvalu,2016,Day 7-27,0.0
17220,Uganda,1990,Day 7-27,9524.0
17246,Uganda,2016,Day 7-27,8225.0
17250,Ukraine,1990,Day 7-27,1813.0
17276,Ukraine,2016,Day 7-27,400.0
17280,United Arab Emirates,1990,Day 7-27,119.0
17306,United Arab Emirates,2016,Day 7-27,60.0
17310,United Kingdom,1990,Day 7-27,836.0
17336,United Kingdom,2016,Day 7-27,491.0
17340,United States,1990,Day 7-27,4293.0
17366,United States,2016,Day 7-27,2985.0
17370,Uruguay,1990,Day 7-27,123.0
17396,Uruguay,2016,Day 7-27,48.0
17400,Uzbekistan,1990,Day 7-27,3587.0
17426,Uzbekistan,2016,Day 7-27,2844.0
17430,Vanuatu,1990,Day 7-27,18.0
17456,Vanuatu,2016,Day 7-27,23.0
17460,Venezuela,1990,Day 7-27,2058.0
17486,Venezuela,2016,Day 7-27,1434.0
17490,Vietnam,1990,Day 7-27,9357.0
17516,Vietnam,2016,Day 7-27,2549.0
17520,World,1990,Day 7-27,1264903.0
17546,World,2016,Day 7-27,560383.0
17550,Yemen,1990,Day 7-27,8883.0
17576,Yemen,2016,Day 7-27,5143.0
17580,Zambia,1990,Day 7-27,4798.0
17606,Zambia,2016,Day 7-27,3007.0
17610,Zimbabwe,1990,Day 7-27,2277.0
17636,Zimbabwe,2016,Day 7-27,2476.0
17640,Afghanistan,1990,Day 0-6,15560.0
17666,Afghanistan,2016,Day 0-6,25313.0
17670,Albania,1990,Day 0-6,989.0
17696,Albania,2016,Day 0-6,213.0
17700,Algeria,1990,Day 0-6,13487.0
17726,Algeria,2016,Day 0-6,10628.0
17730,Andorra,1990,Day 0-6,1.0
17756,Andorra,2016,Day 0-6,0.0
17760,Angola,1990,Day 0-6,15769.0
17786,Angola,2016,Day 0-6,21870.0
17790,Antigua and Barbuda,1990,Day 0-6,10.0
17816,Antigua and Barbuda,2016,Day 0-6,4.0
17820,Argentina,1990,Day 0-6,8820.0
17846,Argentina,2016,Day 0-6,3427.0
17850,Armenia,1990,Day 0-6,1239.0
17876,Armenia,2016,Day 0-6,216.0
17880,Australia,1990,Day 0-6,977.0
17906,Australia,2016,Day 0-6,568.0
17910,Austria,1990,Day 0-6,320.0
17936,Austria,2016,Day 0-6,152.0
17940,Azerbaijan,1990,Day 0-6,4354.0
17966,Azerbaijan,2016,Day 0-6,2529.0
17970,Bahamas,1990,Day 0-6,46.0
17996,Bahamas,2016,Day 0-6,19.0
18000,Bahrain,1990,Day 0-6,116.0
18026,Bahrain,2016,Day 0-6,26.0
18030,Bangladesh,1990,Day 0-6,138272.0
18056,Bangladesh,2016,Day 0-6,54403.0
18060,Barbados,1990,Day 0-6,42.0
18086,Barbados,2016,Day 0-6,20.0
18090,Belarus,1990,Day 0-6,1030.0
18116,Belarus,2016,Day 0-6,226.0
18120,Belgium,1990,Day 0-6,436.0
18146,Belgium,2016,Day 0-6,186.0
18150,Belize,1990,Day 0-6,83.0
18176,Belize,2016,Day 0-6,52.0
18180,Benin,1990,Day 0-6,8298.0
18206,Benin,2016,Day 0-6,13200.0
18210,Bhutan,1990,Day 0-6,874.0
18236,Bhutan,2016,Day 0-6,289.0
18240,Bolivia,1990,Day 0-6,5362.0
18266,Bolivia,2016,Day 0-6,3976.0
18270,Bosnia and Herzegovina,1990,Day 0-6,758.0
18296,Bosnia and Herzegovina,2016,Day 0-6,43.0
18300,Botswana,1990,Day 0-6,913.0
18326,Botswana,2016,Day 0-6,897.0
18330,Brazil,1990,Day 0-6,68686.0
18356,Brazil,2016,Day 0-6,30864.0
18360,Brunei,1990,Day 0-6,30.0
18386,Brunei,2016,Day 0-6,25.0
18390,Bulgaria,1990,Day 0-6,558.0
18416,Bulgaria,2016,Day 0-6,171.0
18420,Burkina Faso,1990,Day 0-6,13429.0
18446,Burkina Faso,2016,Day 0-6,19217.0
18450,Burundi,1990,Day 0-6,7349.0
18476,Burundi,2016,Day 0-6,8111.0
18480,Cambodia,1990,Day 0-6,11946.0
18506,Cambodia,2016,Day 0-6,5767.0
18510,Cameroon,1990,Day 0-6,13313.0
18536,Cameroon,2016,Day 0-6,17677.0
18540,Canada,1990,Day 0-6,1487.0
18566,Canada,2016,Day 0-6,995.0
18570,Cape Verde,1990,Day 0-6,174.0
18596,Cape Verde,2016,Day 0-6,107.0
18600,Central African Republic,1990,Day 0-6,4539.0
18626,Central African Republic,2016,Day 0-6,5955.0
18630,Chad,1990,Day 0-6,9856.0
18656,Chad,2016,Day 0-6,18254.0
18660,Chile,1990,Day 0-6,2072.0
18686,Chile,2016,Day 0-6,836.0
18690,China,1990,Day 0-6,258699.0
18716,China,2016,Day 0-6,64575.0
18720,Colombia,1990,Day 0-6,13773.0
18746,Colombia,2016,Day 0-6,4449.0
18750,Comoros,1990,Day 0-6,730.0
18776,Comoros,2016,Day 0-6,451.0
18780,Congo,1990,Day 0-6,2268.0
18806,Congo,2016,Day 0-6,2528.0
18810,Cook Islands,1990,Day 0-6,4.0
18836,Cook Islands,2016,Day 0-6,0.0
18840,Costa Rica,1990,Day 0-6,610.0
18866,Costa Rica,2016,Day 0-6,325.0
18870,Cote d'Ivoire,1990,Day 0-6,17437.0
18896,Cote d'Ivoire,2016,Day 0-6,27248.0
18900,Croatia,1990,Day 0-6,328.0
18926,Croatia,2016,Day 0-6,81.0
18930,Cuba,1990,Day 0-6,885.0
18956,Cuba,2016,Day 0-6,194.0
18960,Cyprus,1990,Day 0-6,86.0
18986,Cyprus,2016,Day 0-6,22.0
18990,Czechia,1990,Day 0-6,662.0
19016,Czechia,2016,Day 0-6,134.0
19020,Democratic Republic of Congo,1990,Day 0-6,51704.0
19046,Democratic Republic of Congo,2016,Day 0-6,58891.0
19050,Denmark,1990,Day 0-6,226.0
19076,Denmark,2016,Day 0-6,125.0
19080,Djibouti,1990,Day 0-6,524.0
19106,Djibouti,2016,Day 0-6,672.0
19110,Dominica,1990,Day 0-6,17.0
19136,Dominica,2016,Day 0-6,11.0
19140,Dominican Republic,1990,Day 0-6,4566.0
19166,Dominican Republic,2016,Day 0-6,3472.0
19170,Ecuador,1990,Day 0-6,3816.0
19196,Ecuador,2016,Day 0-6,2283.0
19200,Egypt,1990,Day 0-6,37546.0
19226,Egypt,2016,Day 0-6,6283.0
19230,El Salvador,1990,Day 0-6,2448.0
19256,El Salvador,2016,Day 0-6,524.0
19260,Equatorial Guinea,1990,Day 0-6,732.0
19286,Equatorial Guinea,2016,Day 0-6,642.0
19290,Eritrea,1990,Day 0-6,3219.0
19316,Eritrea,2016,Day 0-6,3294.0
19320,Estonia,1990,Day 0-6,139.0
19346,Estonia,2016,Day 0-6,12.0
19350,Eswatini,1990,Day 0-6,623.0
19376,Eswatini,2016,Day 0-6,423.0
19380,Ethiopia,1990,Day 0-6,90101.0
19406,Ethiopia,2016,Day 0-6,81533.0
19410,Fiji,1990,Day 0-6,186.0
19436,Fiji,2016,Day 0-6,145.0
19440,Finland,1990,Day 0-6,202.0
19466,Finland,2016,Day 0-6,51.0
19470,France,1990,Day 0-6,2065.0
19496,France,2016,Day 0-6,1169.0
19500,Gabon,1990,Day 0-6,905.0
19526,Gabon,2016,Day 0-6,620.0
19530,Gambia,1990,Day 0-6,1417.0
19556,Gambia,2016,Day 0-6,1369.0
19560,Georgia,1990,Day 0-6,1556.0
19586,Georgia,2016,Day 0-6,240.0
19590,Germany,1990,Day 0-6,2568.0
19616,Germany,2016,Day 0-6,1333.0
19620,Ghana,1990,Day 0-6,18198.0
19646,Ghana,2016,Day 0-6,17516.0
19650,Greece,1990,Day 0-6,492.0
19676,Greece,2016,Day 0-6,169.0
19680,Grenada,1990,Day 0-6,23.0
19706,Grenada,2016,Day 0-6,11.0
19710,Guatemala,1990,Day 0-6,6157.0
19736,Guatemala,2016,Day 0-6,2274.0
19740,Guinea,1990,Day 0-6,13030.0
19766,Guinea,2016,Day 0-6,11152.0
19770,Guinea-Bissau,1990,Day 0-6,1911.0
19796,Guinea-Bissau,2016,Day 0-6,1774.0
19800,Guyana,1990,Day 0-6,625.0
19826,Guyana,2016,Day 0-6,206.0
19830,Haiti,1990,Day 0-6,5796.0
19856,Haiti,2016,Day 0-6,7237.0
19860,Honduras,1990,Day 0-6,2431.0
19886,Honduras,2016,Day 0-6,1796.0
19890,Hungary,1990,Day 0-6,1087.0
19916,Hungary,2016,Day 0-6,142.0
19920,Iceland,1990,Day 0-6,16.0
19946,Iceland,2016,Day 0-6,5.0
19950,India,1990,Day 0-6,887054.0
19976,India,2016,Day 0-6,532338.0
19980,Indonesia,1990,Day 0-6,97741.0
20006,Indonesia,2016,Day 0-6,50702.0
20010,Iran,1990,Day 0-6,40017.0
20036,Iran,2016,Day 0-6,10505.0
20040,Iraq,1990,Day 0-6,13808.0
20066,Iraq,2016,Day 0-6,8996.0
20070,Ireland,1990,Day 0-6,214.0
20096,Ireland,2016,Day 0-6,111.0
20100,Israel,1990,Day 0-6,493.0
20126,Israel,2016,Day 0-6,258.0
20130,Italy,1990,Day 0-6,2174.0
20156,Italy,2016,Day 0-6,634.0
20160,Jamaica,1990,Day 0-6,735.0
20186,Jamaica,2016,Day 0-6,392.0
20190,Japan,1990,Day 0-6,2335.0
20216,Japan,2016,Day 0-6,666.0
20220,Jordan,1990,Day 0-6,1871.0
20246,Jordan,2016,Day 0-6,1641.0
20250,Kazakhstan,1990,Day 0-6,2931.0
20276,Kazakhstan,2016,Day 0-6,1464.0
20280,Kenya,1990,Day 0-6,20297.0
20306,Kenya,2016,Day 0-6,21947.0
20310,Kiribati,1990,Day 0-6,45.0
20336,Kiribati,2016,Day 0-6,35.0
20340,Kuwait,1990,Day 0-6,307.0
20366,Kuwait,2016,Day 0-6,224.0
20370,Kyrgyzstan,1990,Day 0-6,2707.0
20396,Kyrgyzstan,2016,Day 0-6,1609.0
20400,Laos,1990,Day 0-6,6535.0
20426,Laos,2016,Day 0-6,3105.0
20430,Latvia,1990,Day 0-6,216.0
20456,Latvia,2016,Day 0-6,37.0
20460,Lebanon,1990,Day 0-6,1493.0
20486,Lebanon,2016,Day 0-6,438.0
20490,Lesotho,1990,Day 0-6,2150.0
20516,Lesotho,2016,Day 0-6,1220.0
20520,Liberia,1990,Day 0-6,3332.0
20546,Liberia,2016,Day 0-6,2814.0
20550,Libya,1990,Day 0-6,2487.0
20576,Libya,2016,Day 0-6,387.0
20580,Lithuania,1990,Day 0-6,309.0
20606,Lithuania,2016,Day 0-6,47.0
20610,Luxembourg,1990,Day 0-6,16.0
20636,Luxembourg,2016,Day 0-6,7.0
20640,Madagascar,1990,Day 0-6,12521.0
20666,Madagascar,2016,Day 0-6,16500.0
20670,Malawi,1990,Day 0-6,14670.0
20696,Malawi,2016,Day 0-6,11764.0
20700,Malaysia,1990,Day 0-6,3434.0
20726,Malaysia,2016,Day 0-6,1542.0
20730,Maldives,1990,Day 0-6,204.0
20756,Maldives,2016,Day 0-6,85.0
20760,Mali,1990,Day 0-6,20992.0
20786,Mali,2016,Day 0-6,30081.0
20790,Malta,1990,Day 0-6,30.0
20816,Malta,2016,Day 0-6,15.0
20820,Marshall Islands,1990,Day 0-6,18.0
20846,Marshall Islands,2016,Day 0-6,10.0
20850,Mauritania,1990,Day 0-6,3010.0
20876,Mauritania,2016,Day 0-6,2317.0
20880,Mauritius,1990,Day 0-6,269.0
20906,Mauritius,2016,Day 0-6,76.0
20910,Mexico,1990,Day 0-6,37128.0
20936,Mexico,2016,Day 0-6,12887.0
20940,Micronesia (country),1990,Day 0-6,43.0
20966,Micronesia (country),2016,Day 0-6,10.0
20970,Moldova,1990,Day 0-6,855.0
20996,Moldova,2016,Day 0-6,260.0
21000,Monaco,1990,Day 0-6,1.0
21026,Monaco,2016,Day 0-6,0.0
21030,Mongolia,1990,Day 0-6,1434.0
21056,Mongolia,2016,Day 0-6,727.0
21060,Montenegro,1990,Day 0-6,83.0
21086,Montenegro,2016,Day 0-6,13.0
21090,Morocco,1990,Day 0-6,17936.0
21116,Morocco,2016,Day 0-6,6570.0
21120,Mozambique,1990,Day 0-6,20436.0
21146,Mozambique,2016,Day 0-6,24888.0
21150,Myanmar,1990,Day 0-6,43084.0
21176,Myanmar,2016,Day 0-6,20928.0
21180,Namibia,1990,Day 0-6,1074.0
21206,Namibia,2016,Day 0-6,906.0
21210,Nauru,1990,Day 0-6,4.0
21236,Nauru,2016,Day 0-6,3.0
21240,Nepal,1990,Day 0-6,31548.0
21266,Nepal,2016,Day 0-6,11174.0
21270,Netherlands,1990,Day 0-6,743.0
21296,Netherlands,2016,Day 0-6,327.0
21300,New Zealand,1990,Day 0-6,248.0
21326,New Zealand,2016,Day 0-6,122.0
21330,Nicaragua,1990,Day 0-6,2173.0
21356,Nicaragua,2016,Day 0-6,723.0
21360,Niger,1990,Day 0-6,11741.0
21386,Niger,2016,Day 0-6,21408.0
21390,Nigeria,1990,Day 0-6,150338.0
21416,Nigeria,2016,Day 0-6,230545.0
21420,Niue,1990,Day 0-6,0.0
21446,Niue,2016,Day 0-6,0.0
21450,North Korea,1990,Day 0-6,12381.0
21476,North Korea,2016,Day 0-6,2596.0
21480,North Macedonia,1990,Day 0-6,482.0
21506,North Macedonia,2016,Day 0-6,137.0
21510,Norway,1990,Day 0-6,206.0
21536,Norway,2016,Day 0-6,66.0
21540,Oman,1990,Day 0-6,868.0
21566,Oman,2016,Day 0-6,367.0
21570,Pakistan,1990,Day 0-6,215752.0
21596,Pakistan,2016,Day 0-6,238841.0
21600,Palau,1990,Day 0-6,4.0
21626,Palau,2016,Day 0-6,1.0
21630,Palestine,1990,Day 0-6,1162.0
21656,Palestine,2016,Day 0-6,661.0
21660,Panama,1990,Day 0-6,486.0
21686,Panama,2016,Day 0-6,384.0
21690,Papua New Guinea,1990,Day 0-6,2708.0
21716,Papua New Guinea,2016,Day 0-6,4506.0
21720,Paraguay,1990,Day 0-6,1598.0
21746,Paraguay,2016,Day 0-6,627.0
21750,Peru,1990,Day 0-6,11706.0
21776,Peru,2016,Day 0-6,4854.0
21780,Philippines,1990,Day 0-6,29893.0
21806,Philippines,2016,Day 0-6,24571.0
21810,Poland,1990,Day 0-6,4120.0
21836,Poland,2016,Day 0-6,675.0
21840,Portugal,1990,Day 0-6,677.0
21866,Portugal,2016,Day 0-6,124.0
21870,Qatar,1990,Day 0-6,111.0
21896,Qatar,2016,Day 0-6,88.0
21900,Romania,1990,Day 0-6,1708.0
21926,Romania,2016,Day 0-6,544.0
21930,Russia,1990,Day 0-6,16772.0
21956,Russia,2016,Day 0-6,4594.0
21960,Rwanda,1990,Day 0-6,9287.0
21986,Rwanda,2016,Day 0-6,5701.0
21990,Saint Kitts and Nevis,1990,Day 0-6,16.0
22016,Saint Kitts and Nevis,2016,Day 0-6,6.0
22020,Saint Lucia,1990,Day 0-6,45.0
22046,Saint Lucia,2016,Day 0-6,18.0
22050,Saint Vincent and the Grenadines,1990,Day 0-6,39.0
22076,Saint Vincent and the Grenadines,2016,Day 0-6,12.0
22080,Samoa,1990,Day 0-6,39.0
22106,Samoa,2016,Day 0-6,17.0
22110,San Marino,1990,Day 0-6,1.0
22136,San Marino,2016,Day 0-6,1.0
22140,Sao Tome and Principe,1990,Day 0-6,66.0
22166,Sao Tome and Principe,2016,Day 0-6,50.0
22170,Saudi Arabia,1990,Day 0-6,7113.0
22196,Saudi Arabia,2016,Day 0-6,1062.0
22200,Senegal,1990,Day 0-6,8653.0
22226,Senegal,2016,Day 0-6,9741.0
22230,Serbia,1990,Day 0-6,1549.0
22256,Serbia,2016,Day 0-6,175.0
22260,Seychelles,1990,Day 0-6,17.0
22286,Seychelles,2016,Day 0-6,9.0
22290,Sierra Leone,1990,Day 0-6,7086.0
22316,Sierra Leone,2016,Day 0-6,6344.0
22320,Singapore,1990,Day 0-6,157.0
22346,Singapore,2016,Day 0-6,40.0
22350,Slovakia,1990,Day 0-6,441.0
22376,Slovakia,2016,Day 0-6,120.0
22380,Slovenia,1990,Day 0-6,100.0
22406,Slovenia,2016,Day 0-6,18.0
22410,Solomon Islands,1990,Day 0-6,217.0
22436,Solomon Islands,2016,Day 0-6,198.0
22440,Somalia,1990,Day 0-6,9089.0
22466,Somalia,2016,Day 0-6,17969.0
22470,South Africa,1990,Day 0-6,19375.0
22496,South Africa,2016,Day 0-6,19418.0
22500,South Korea,1990,Day 0-6,2574.0
22526,South Korea,2016,Day 0-6,423.0
22530,South Sudan,1990,Day 0-6,8020.0
22556,South Sudan,2016,Day 0-6,9298.0
22560,Spain,1990,Day 0-6,1457.0
22586,Spain,2016,Day 0-6,493.0
22590,Sri Lanka,1990,Day 0-6,4001.0
22616,Sri Lanka,2016,Day 0-6,1180.0
22620,Sudan,1990,Day 0-6,34593.0
22646,Sudan,2016,Day 0-6,23005.0
22650,Suriname,1990,Day 0-6,206.0
22676,Suriname,2016,Day 0-6,135.0
22680,Sweden,1990,Day 0-6,340.0
22706,Sweden,2016,Day 0-6,134.0
22710,Switzerland,1990,Day 0-6,289.0
22736,Switzerland,2016,Day 0-6,212.0
22740,Syria,1990,Day 0-6,10089.0
22766,Syria,2016,Day 0-6,1696.0
22770,Tajikistan,1990,Day 0-6,3562.0
22796,Tajikistan,2016,Day 0-6,3298.0
22800,Tanzania,1990,Day 0-6,31925.0
22826,Tanzania,2016,Day 0-6,42576.0
22830,Thailand,1990,Day 0-6,11457.0
22856,Thailand,2016,Day 0-6,1952.0
22860,Timor,1990,Day 0-6,842.0
22886,Timor,2016,Day 0-6,558.0
22890,Togo,1990,Day 0-6,5547.0
22916,Togo,2016,Day 0-6,5575.0
22920,Tonga,1990,Day 0-6,24.0
22946,Tonga,2016,Day 0-6,12.0
22950,Trinidad and Tobago,1990,Day 0-6,326.0
22976,Trinidad and Tobago,2016,Day 0-6,121.0
22980,Tunisia,1990,Day 0-6,4027.0
23006,Tunisia,2016,Day 0-6,874.0
23010,Turkey,1990,Day 0-6,38150.0
23036,Turkey,2016,Day 0-6,8491.0
23040,Turkmenistan,1990,Day 0-6,2153.0
23066,Turkmenistan,2016,Day 0-6,1359.0
23070,Tuvalu,1990,Day 0-6,5.0
23096,Tuvalu,2016,Day 0-6,1.0
23100,Uganda,1990,Day 0-6,24473.0
23126,Uganda,2016,Day 0-6,36651.0
23130,Ukraine,1990,Day 0-6,6185.0
23156,Ukraine,2016,Day 0-6,1802.0
23160,United Arab Emirates,1990,Day 0-6,407.0
23186,United Arab Emirates,2016,Day 0-6,144.0
23190,United Kingdom,1990,Day 0-6,2986.0
23216,United Kingdom,2016,Day 0-6,1559.0
23220,United States,1990,Day 0-6,19926.0
23246,United States,2016,Day 0-6,12283.0
23250,Uruguay,1990,Day 0-6,605.0
23276,Uruguay,2016,Day 0-6,188.0
23280,Uzbekistan,1990,Day 0-6,10615.0
23306,Uzbekistan,2016,Day 0-6,6469.0
23310,Vanuatu,1990,Day 0-6,72.0
23336,Vanuatu,2016,Day 0-6,69.0
23340,Venezuela,1990,Day 0-6,6621.0
23366,Venezuela,2016,Day 0-6,3739.0
23370,Vietnam,1990,Day 0-6,29753.0
23396,Vietnam,2016,Day 0-6,8929.0
23400,World,1990,Day 0-6,3026068.0
23426,World,2016,Day 0-6,2141850.0
23430,Yemen,1990,Day 0-6,19544.0
23456,Yemen,2016,Day 0-6,18034.0
23460,Zambia,1990,Day 0-6,7980.0
23486,Zambia,2016,Day 0-6,10616.0
23490,Zimbabwe,1990,Day 0-6,6717.0
23516,Zimbabwe,2016,Day 0-6,8626.0
